payment_id,user_id,course_id,payment_date,amount,payment_status
1,502,4,2026-01-13,21900,paid
2,1756,2,2026-03-04,9900,paid
3,3586,5,2026-04-08,14900,paid
4,4122,1,2026-04-03,12900,paid
5,839,6,2026-04-11,17900,paid
6,1145,6,2026-01-17,17900,refunded
7,4396,1,2026-03-06,12900,paid
8,4725,4,2026-04-08,21900,paid
9,4210,2,2026-01-11,9900,paid
10,743,6,2026-02-24,17900,paid
11,3602,4,2026-01-17,21900,refunded
12,1058,4,2026-03-07,21900,paid
13,1974,3,2026-04-02,19900,paid
14,3558,4,2026-02-22,21900,paid
15,3822,6,2026-03-21,17900,paid
16,152,2,2026-04-10,9900,paid
17,3419,5,2026-02-25,14900,paid
18,2887,1,2026-04-10,12900,paid
19,682,2,2026-02-09,9900,paid
20,2358,1,2026-02-18,12900,paid
21,3146,2,2026-03-31,9900,paid
22,1648,6,2026-02-01,17900,paid
23,1621,3,2026-04-13,19900,paid
24,3136,3,2026-03-17,19900,paid
25,2340,6,2026-04-03,17900,paid
26,4521,5,2026-04-11,14900,paid
27,4864,5,2026-04-05,14900,paid
28,970,5,2026-03-20,14900,paid
29,1322,4,2026-04-12,21900,paid
30,1418,6,2026-02-07,17900,paid
31,427,5,2026-01-12,14900,paid
32,2218,5,2026-02-04,14900,paid
33,1740,2,2026-02-12,9900,paid
34,2585,1,2026-02-28,12900,paid
35,2894,1,2026-01-26,12900,paid
36,150,2,2026-03-24,9900,paid
37,4918,5,2026-01-29,14900,paid
38,2196,1,2026-02-17,12900,paid
39,658,3,2026-02-16,19900,paid
40,4693,1,2026-03-08,12900,paid
41,1619,4,2026-03-04,21900,paid
42,1804,4,2026-04-08,21900,paid
43,2643,4,2026-03-13,21900,paid
44,4803,3,2026-02-10,19900,paid
45,1962,2,2026-04-17,9900,paid
46,3041,3,2026-03-03,19900,paid
47,3946,4,2026-03-20,21900,paid
48,4626,1,2026-03-04,12900,paid
49,1875,2,2026-03-08,9900,paid
50,812,4,2026-04-14,21900,paid
51,2624,6,2026-02-16,17900,paid
52,4976,3,2026-01-31,19900,paid
53,1873,1,2026-01-27,12900,paid
54,2054,3,2026-02-19,19900,paid
55,2908,5,2026-04-15,14900,refunded
56,2255,1,2026-04-02,12900,paid
57,1618,6,2026-03-12,17900,paid
58,2610,2,2026-02-22,9900,paid
59,890,1,2026-02-26,12900,paid
60,3575,3,2026-02-06,19900,paid
61,2681,3,2026-03-16,19900,paid
62,2949,2,2026-03-28,9900,paid
63,2844,6,2026-04-16,17900,refunded
64,136,3,2026-03-31,19900,paid
65,1361,2,2026-03-11,9900,paid
66,2005,1,2026-03-02,12900,paid
67,62,6,2026-04-09,17900,paid
68,2406,5,2026-03-24,14900,paid
69,96,4,2026-02-28,21900,paid
70,3143,2,2026-01-13,9900,paid
71,4926,5,2026-02-28,14900,paid
72,1537,4,2026-02-05,21900,paid
73,4535,1,2026-02-15,12900,paid
74,4173,6,2026-01-17,17900,refunded
75,4801,6,2026-03-22,17900,paid
76,3339,6,2026-03-17,17900,paid
77,4886,3,2026-03-12,19900,paid
78,2417,3,2026-04-01,19900,paid
79,3922,6,2026-01-30,17900,paid
80,4742,1,2026-03-30,12900,paid
81,1193,1,2026-02-16,12900,paid
82,4511,4,2026-02-03,21900,paid
83,416,4,2026-04-14,21900,paid
84,2174,1,2026-02-13,12900,paid
85,747,5,2026-03-06,14900,paid
86,372,6,2026-03-31,17900,paid
87,239,1,2026-02-11,12900,paid
88,2750,6,2026-03-25,17900,paid
89,4193,6,2026-02-28,17900,paid
90,3709,1,2026-04-12,12900,paid
91,4191,5,2026-01-20,14900,paid
92,752,2,2026-03-21,9900,paid
93,1048,4,2026-01-06,21900,paid
94,52,6,2026-03-26,17900,paid
95,444,1,2026-02-27,12900,paid
96,1433,2,2026-02-03,9900,paid
97,3096,3,2026-03-01,19900,paid
98,645,5,2026-03-31,14900,paid
99,4335,1,2026-02-16,12900,paid
100,4774,3,2026-03-25,19900,paid
101,4862,6,2026-01-27,17900,paid
102,2711,1,2026-04-15,12900,paid
103,2655,6,2026-02-19,17900,paid
104,603,2,2026-03-04,9900,paid
105,4842,2,2026-03-15,9900,paid
106,4999,3,2026-03-07,19900,paid
107,4827,1,2026-04-05,12900,paid
108,2120,3,2026-04-17,19900,refunded
109,2537,4,2026-02-27,21900,paid
110,4204,4,2026-03-24,21900,paid
111,3820,4,2026-03-21,21900,paid
112,2958,4,2026-01-29,21900,paid
113,4894,2,2026-03-29,9900,paid
114,4589,5,2026-03-27,14900,refunded
115,1593,4,2026-04-20,21900,paid
116,3166,1,2026-01-22,12900,refunded
117,4943,1,2026-02-16,12900,paid
118,4560,1,2026-02-18,12900,paid
119,2686,2,2026-03-17,9900,paid
120,1490,2,2026-02-06,9900,paid
121,4899,1,2026-01-26,12900,paid
122,3394,1,2026-04-15,12900,paid
123,4507,4,2026-03-24,21900,paid
124,3289,1,2026-03-28,12900,paid
125,2526,5,2026-03-09,14900,paid
126,3689,3,2026-03-06,19900,paid
127,2998,4,2026-02-11,21900,paid
128,3479,3,2026-03-22,19900,paid
129,3086,4,2026-02-26,21900,paid
130,1019,5,2026-01-26,14900,paid
131,4933,1,2026-02-27,12900,paid
132,3193,1,2026-03-17,12900,paid
133,3393,6,2026-01-13,17900,paid
134,4441,2,2026-04-13,9900,paid
135,1331,6,2026-02-04,17900,paid
136,3502,5,2026-02-19,14900,paid
137,97,5,2026-03-06,14900,paid
138,1695,5,2026-03-17,14900,paid
139,2060,2,2026-01-23,9900,paid
140,595,2,2026-01-21,9900,refunded
141,451,1,2026-02-02,12900,paid
142,1500,3,2026-02-28,19900,paid
143,240,3,2026-03-20,19900,paid
144,1269,6,2026-04-04,17900,paid
145,4194,5,2026-04-20,14900,refunded
146,1744,1,2026-04-17,12900,paid
147,4620,1,2026-04-17,12900,paid
148,192,3,2026-04-08,19900,paid
149,2265,1,2026-03-06,12900,paid
150,2474,2,2026-03-15,9900,paid
151,1221,3,2026-01-24,19900,paid
152,1470,4,2026-04-10,21900,paid
153,1567,2,2026-01-29,9900,paid
154,1130,4,2026-01-10,21900,paid
155,1062,5,2026-02-12,14900,paid
156,681,6,2026-01-23,17900,paid
157,2496,2,2026-02-15,9900,paid
158,4276,4,2026-01-12,21900,paid
159,4764,1,2026-01-10,12900,paid
160,2901,4,2026-02-02,21900,paid
161,651,3,2026-04-10,19900,refunded
162,3066,5,2026-04-13,14900,refunded
163,315,5,2026-02-15,14900,paid
164,114,3,2026-01-25,19900,paid
165,5000,4,2026-02-09,21900,paid
166,3272,3,2026-02-11,19900,paid
167,74,5,2026-03-19,14900,paid
168,4322,4,2026-04-17,21900,paid
169,1731,2,2026-02-11,9900,paid
170,1958,3,2026-02-05,19900,paid
171,3604,5,2026-03-29,14900,paid
172,3640,1,2026-03-19,12900,paid
173,3366,3,2026-03-27,19900,paid
174,2729,5,2026-03-02,14900,paid
175,1631,2,2026-03-01,9900,paid
176,3266,3,2026-02-22,19900,paid
177,1666,4,2026-03-21,21900,paid
178,2479,3,2026-02-18,19900,paid
179,507,2,2026-04-07,9900,paid
180,1223,5,2026-03-30,14900,paid
181,1936,2,2026-01-21,9900,paid
182,4240,3,2026-03-05,19900,paid
183,623,1,2026-04-05,12900,paid
184,1920,1,2026-02-25,12900,paid
185,2267,3,2026-02-25,19900,paid
186,171,1,2026-01-10,12900,paid
187,2305,2,2026-02-01,9900,paid
188,2102,5,2026-01-14,14900,paid
189,3439,1,2026-04-20,12900,paid
190,3653,5,2026-01-15,14900,paid
191,4248,4,2026-01-13,21900,refunded
192,649,4,2026-01-13,21900,paid
193,898,5,2026-01-21,14900,paid
194,4530,4,2026-03-13,21900,paid
195,1594,1,2026-02-26,12900,refunded
196,4337,2,2026-03-18,9900,refunded
197,1515,2,2026-01-13,9900,paid
198,2405,3,2026-03-16,19900,paid
199,2234,3,2026-03-15,19900,paid
200,1181,2,2026-02-01,9900,paid
201,4198,2,2026-01-27,9900,paid
202,4558,2,2026-02-16,9900,paid
203,2410,1,2026-01-16,12900,paid
204,1034,2,2026-04-02,9900,paid
205,2288,6,2026-03-14,17900,paid
206,4598,6,2026-04-08,17900,paid
207,508,6,2026-02-22,17900,paid
208,1379,1,2026-04-13,12900,paid
209,2183,2,2026-03-26,9900,paid
210,3769,4,2026-02-04,21900,paid
211,1351,1,2026-01-16,12900,paid
212,3072,1,2026-04-09,12900,paid
213,696,3,2026-02-27,19900,paid
214,320,1,2026-03-03,12900,refunded
215,4321,2,2026-04-15,9900,paid
216,683,3,2026-03-23,19900,paid
217,2003,1,2026-03-18,12900,paid
218,4783,5,2026-02-20,14900,paid
219,2278,3,2026-04-10,19900,refunded
220,2128,2,2026-04-15,9900,paid
221,2597,4,2026-04-11,21900,refunded
222,2772,4,2026-01-25,21900,paid
223,1072,3,2026-04-12,19900,paid
224,3367,1,2026-01-26,12900,paid
225,499,2,2026-03-03,9900,refunded
226,4383,2,2026-01-11,9900,paid
227,2035,1,2026-03-04,12900,paid
228,1018,3,2026-03-10,19900,refunded
229,2400,6,2026-01-21,17900,paid
230,1737,1,2026-03-29,12900,paid
231,1164,6,2026-04-07,17900,paid
232,2367,3,2026-02-08,19900,paid
233,2593,3,2026-01-18,19900,paid
234,3012,2,2026-02-11,9900,paid
235,2999,6,2026-01-25,17900,paid
236,1523,2,2026-01-24,9900,paid
237,836,1,2026-02-26,12900,paid
238,300,5,2026-04-02,14900,refunded
239,1874,4,2026-02-10,21900,paid
240,4699,1,2026-03-11,12900,paid
241,2828,2,2026-03-15,9900,paid
242,1258,1,2026-04-07,12900,paid
243,1179,4,2026-02-12,21900,paid
244,2104,3,2026-02-21,19900,paid
245,4021,2,2026-03-08,9900,paid
246,1412,1,2026-02-09,12900,paid
247,3467,3,2026-03-04,19900,paid
248,2586,2,2026-03-28,9900,refunded
249,4451,6,2026-03-08,17900,refunded
250,3886,1,2026-02-14,12900,paid
251,2212,1,2026-02-26,12900,paid
252,1499,4,2026-03-23,21900,paid
253,4180,4,2026-02-05,21900,paid
254,3517,5,2026-04-11,14900,paid
255,1468,3,2026-03-18,19900,paid
256,1894,2,2026-03-21,9900,paid
257,2641,4,2026-02-15,21900,paid
258,3545,1,2026-03-17,12900,refunded
259,3516,3,2026-04-12,19900,paid
260,1401,1,2026-01-15,12900,paid
261,713,3,2026-02-10,19900,paid
262,1821,1,2026-03-12,12900,refunded
263,4485,3,2026-03-02,19900,paid
264,2852,2,2026-03-18,9900,paid
265,1177,6,2026-03-21,17900,paid
266,3741,4,2026-03-16,21900,paid
267,1644,6,2026-01-13,17900,paid
268,1357,4,2026-02-18,21900,refunded
269,1065,1,2026-03-16,12900,paid
270,817,3,2026-04-15,19900,paid
271,1801,1,2026-02-20,12900,paid
272,3639,4,2026-03-01,21900,refunded
273,3165,5,2026-04-15,14900,paid
274,749,3,2026-01-30,19900,paid
275,2630,4,2026-02-27,21900,paid
276,2243,3,2026-01-14,19900,paid
277,1937,4,2026-02-10,21900,paid
278,1186,1,2026-04-06,12900,paid
279,76,3,2026-03-25,19900,paid
280,132,2,2026-04-11,9900,paid
281,26,1,2026-03-25,12900,refunded
282,4978,5,2026-01-18,14900,refunded
283,3210,5,2026-04-19,14900,paid
284,728,1,2026-03-13,12900,paid
285,1225,4,2026-04-12,21900,refunded
286,2857,2,2026-02-21,9900,paid
287,4600,6,2026-03-27,17900,paid
288,3015,1,2026-04-12,12900,paid
289,68,3,2026-01-31,19900,paid
290,3783,3,2026-01-17,19900,refunded
291,2992,1,2026-01-22,12900,paid
292,424,5,2026-04-07,14900,paid
293,3698,4,2026-04-07,21900,paid
294,2020,5,2026-01-12,14900,paid
295,1830,1,2026-03-25,12900,paid
296,3872,6,2026-03-28,17900,paid
297,968,3,2026-01-15,19900,paid
298,2343,1,2026-02-03,12900,paid
299,4642,2,2026-02-28,9900,paid
300,4241,4,2026-03-08,21900,paid
301,3372,3,2026-02-21,19900,paid
302,4709,2,2026-03-14,9900,paid
303,2493,5,2026-01-14,14900,paid
304,269,4,2026-03-18,21900,paid
305,848,6,2026-04-08,17900,paid
306,3906,4,2026-01-23,21900,paid
307,1321,5,2026-02-18,14900,paid
308,3276,1,2026-03-19,12900,paid
309,1784,4,2026-03-04,21900,paid
310,884,6,2026-03-30,17900,paid
311,4023,1,2026-03-19,12900,paid
312,4099,2,2026-03-21,9900,paid
313,2672,6,2026-01-16,17900,paid
314,435,6,2026-04-03,17900,paid
315,3610,2,2026-02-06,9900,paid
316,1881,1,2026-01-20,12900,paid
317,371,2,2026-01-23,9900,paid
318,2320,6,2026-01-14,17900,paid
319,2652,6,2026-02-26,17900,paid
320,4156,4,2026-04-06,21900,paid
321,1252,6,2026-03-10,17900,paid
322,4569,1,2026-03-27,12900,paid
323,205,1,2026-01-19,12900,paid
324,3173,5,2026-04-07,14900,paid
325,3996,6,2026-03-22,17900,refunded
326,4066,3,2026-01-28,19900,paid
327,4263,1,2026-02-10,12900,refunded
328,2097,6,2026-01-20,17900,paid
329,3866,1,2026-03-10,12900,paid
330,4809,6,2026-01-27,17900,paid
331,4754,1,2026-02-08,12900,refunded
332,4243,1,2026-01-10,12900,paid
333,4272,4,2026-03-26,21900,paid
334,4468,2,2026-02-13,9900,paid
335,2477,5,2026-01-24,14900,paid
336,868,1,2026-02-08,12900,paid
337,1141,3,2026-02-03,19900,paid
338,542,1,2026-01-10,12900,paid
339,2716,2,2026-01-14,9900,paid
340,1939,5,2026-01-26,14900,paid
341,2577,2,2026-02-03,9900,paid
342,3250,3,2026-01-26,19900,paid
343,941,6,2026-01-26,17900,paid
344,2024,1,2026-01-22,12900,paid
345,1038,1,2026-01-08,12900,paid
346,1417,4,2026-04-10,21900,paid
347,2814,4,2026-04-15,21900,paid
348,2184,2,2026-04-03,9900,paid
349,23,1,2026-04-19,12900,paid
350,3211,1,2026-03-23,12900,paid
351,2326,5,2026-04-09,14900,paid
352,2771,4,2026-02-17,21900,paid
353,598,1,2026-01-16,12900,paid
354,4421,5,2026-03-03,14900,paid
355,2284,6,2026-02-04,17900,paid
356,663,4,2026-03-11,21900,paid
357,3197,3,2026-03-17,19900,paid
358,3265,3,2026-01-26,19900,paid
359,3478,6,2026-03-12,17900,paid
360,3553,1,2026-02-22,12900,paid
361,2511,1,2026-02-15,12900,paid
362,3832,4,2026-02-20,21900,paid
363,4655,4,2026-02-04,21900,paid
364,2186,6,2026-01-27,17900,paid
365,232,3,2026-01-22,19900,refunded
366,4397,1,2026-03-14,12900,paid
367,3894,2,2026-04-13,9900,paid
368,3258,2,2026-03-28,9900,paid
369,4225,3,2026-02-25,19900,paid
370,4797,6,2026-02-06,17900,paid
371,2294,3,2026-02-08,19900,paid
372,2453,1,2026-03-19,12900,paid
373,510,2,2026-04-01,9900,paid
374,2203,2,2026-03-26,9900,paid
375,768,1,2026-02-18,12900,paid
376,422,4,2026-04-05,21900,paid
377,820,1,2026-03-24,12900,paid
378,1404,2,2026-03-01,9900,paid
379,1353,4,2026-04-15,21900,paid
380,4551,2,2026-01-29,9900,paid
381,4314,1,2026-01-24,12900,paid
382,390,4,2026-03-28,21900,paid
383,3993,2,2026-03-20,9900,paid
384,1806,4,2026-01-26,21900,paid
385,1453,6,2026-01-24,17900,paid
386,561,6,2026-01-17,17900,paid
387,1690,3,2026-03-03,19900,paid
388,1726,6,2026-02-11,17900,paid
389,835,3,2026-03-08,19900,paid
390,2497,3,2026-03-23,19900,paid
391,4695,2,2026-03-04,9900,paid
392,4678,2,2026-02-25,9900,paid
393,657,4,2026-01-30,21900,paid
394,2666,4,2026-02-17,21900,paid
395,1822,1,2026-03-07,12900,paid
396,4840,4,2026-02-16,21900,paid
397,1923,4,2026-04-07,21900,paid
398,4319,2,2026-02-06,9900,paid
399,1006,6,2026-04-05,17900,paid
400,2669,1,2026-04-11,12900,paid
401,2602,5,2026-04-14,14900,paid
402,1126,1,2026-04-04,12900,paid
403,3443,2,2026-02-13,9900,paid
404,999,2,2026-02-10,9900,paid
405,3387,3,2026-03-20,19900,paid
406,2685,6,2026-04-15,17900,paid
407,1578,2,2026-02-20,9900,paid
408,441,5,2026-01-26,14900,paid
409,1585,1,2026-03-13,12900,paid
410,859,5,2026-02-23,14900,paid
411,2632,2,2026-03-21,9900,refunded
412,2607,4,2026-02-09,21900,paid
413,3836,4,2026-03-14,21900,paid
414,2207,4,2026-03-03,21900,paid
415,350,1,2026-03-26,12900,paid
416,4561,4,2026-03-24,21900,paid
417,3244,1,2026-03-22,12900,paid
418,3957,6,2026-01-22,17900,paid
419,1917,6,2026-04-18,17900,paid
420,1826,3,2026-01-22,19900,paid
421,789,2,2026-01-11,9900,paid
422,2447,3,2026-02-25,19900,paid
423,4814,2,2026-01-28,9900,paid
424,3725,3,2026-03-30,19900,paid
425,1005,6,2026-02-22,17900,refunded
426,2391,6,2026-03-11,17900,paid
427,3941,5,2026-01-11,14900,paid
428,43,1,2026-03-19,12900,refunded
429,2831,1,2026-02-23,12900,paid
430,2010,4,2026-01-15,21900,paid
431,2339,3,2026-01-22,19900,paid
432,3889,6,2026-03-16,17900,paid
433,917,2,2026-02-03,9900,paid
434,4183,4,2026-04-06,21900,refunded
435,1625,4,2026-04-17,21900,paid
436,3615,4,2026-02-26,21900,paid
437,688,2,2026-04-20,9900,paid
438,4085,5,2026-03-05,14900,paid
439,3403,2,2026-04-08,9900,paid
440,1010,1,2026-03-11,12900,paid
441,4483,3,2026-02-07,19900,paid
442,3808,2,2026-02-09,9900,paid
443,3935,5,2026-01-25,14900,paid
444,1247,3,2026-01-21,19900,paid
445,2741,2,2026-01-29,9900,paid
446,3183,1,2026-01-29,12900,paid
447,1580,4,2026-01-25,21900,paid
448,1656,6,2026-03-09,17900,paid
449,2353,4,2026-01-18,21900,paid
450,1707,4,2026-01-20,21900,paid
451,2114,2,2026-02-07,9900,paid
452,4305,4,2026-04-14,21900,paid
453,3261,3,2026-03-18,19900,paid
454,940,6,2026-02-20,17900,paid
455,4166,3,2026-01-13,19900,refunded
456,3818,1,2026-02-12,12900,paid
457,4217,5,2026-03-23,14900,paid
458,530,1,2026-01-29,12900,paid
459,186,5,2026-02-15,14900,paid
460,1536,6,2026-02-28,17900,paid
461,404,4,2026-02-25,21900,paid
462,2141,1,2026-02-11,12900,paid
463,4949,4,2026-03-12,21900,paid
464,685,2,2026-01-16,9900,paid
465,3472,1,2026-01-20,12900,refunded
466,1714,5,2026-04-03,14900,paid
467,1440,5,2026-02-24,14900,refunded
468,2242,5,2026-01-27,14900,paid
469,2273,2,2026-01-19,9900,paid
470,936,1,2026-04-03,12900,refunded
471,4448,6,2026-04-04,17900,paid
472,3451,2,2026-03-12,9900,paid
473,3412,3,2026-01-20,19900,paid
474,3955,4,2026-04-08,21900,paid
475,4538,6,2026-04-06,17900,paid
476,166,6,2026-02-07,17900,paid
477,2014,3,2026-03-04,19900,paid
478,4089,3,2026-01-16,19900,paid
479,349,4,2026-02-11,21900,paid
480,4115,5,2026-03-27,14900,paid
481,1856,4,2026-03-05,21900,paid
482,3234,4,2026-03-17,21900,paid
483,3679,3,2026-02-19,19900,paid
484,687,1,2026-02-28,12900,paid
485,3396,2,2026-01-10,9900,paid
486,2085,1,2026-01-18,12900,paid
487,2383,3,2026-04-06,19900,paid
488,3659,4,2026-03-05,21900,paid
489,2515,1,2026-02-26,12900,paid
490,448,1,2026-01-09,12900,paid
491,3811,1,2026-03-11,12900,paid
492,1248,6,2026-02-19,17900,paid
493,1986,3,2026-01-31,19900,paid
494,2013,1,2026-02-03,12900,paid
495,4359,1,2026-02-25,12900,paid
496,3939,2,2026-02-18,9900,paid
497,4713,4,2026-02-15,21900,paid
498,356,5,2026-03-24,14900,paid
499,2619,3,2026-04-14,19900,paid
500,3240,4,2026-02-03,21900,paid
501,3797,5,2026-04-10,14900,refunded
502,4469,5,2026-01-15,14900,paid
